start-page,end-page,title,composer,reference
4,4,After you've gone,Creamer & Layton,Django Fakebook 2008
5,5,Ain't misbehavin',Fats Waller,Django Fakebook 2008
6,6,Alemberts,Henri Crolla,Django Fakebook 2008
7,7,Alors?...voila!,Romane,Django Fakebook 2008
8,8,Anniversary song,Ion Ivanovici,Django Fakebook 2008
9,9,Anouman,Django,Django Fakebook 2008
10,10,Appel indirect,Django,Django Fakebook 2008
11,11,Are you in the mood,Django,Django Fakebook 2008
12,12,Artillerie lourde,Django,Django Fakebook 2008
13,13,Avalon,Vincent Rose,Django Fakebook 2008
14,14,Babik,Django,Django Fakebook 2008
15,15,Bei dir war immer so schon,Emil Stern,Django Fakebook 2008
16,16,Bei mir bist du schon,Shalom Secunda,Django Fakebook 2008
17,17,Belleville,Django,Django Fakebook 2008
18,18,Belleville rendez-vous,Charest & Chomet,Django Fakebook 2008
19,19,Black and white,Django,Django Fakebook 2008
20,20,Blue drag,Joe Myrow,Django Fakebook 2008
21,21,Blues en mineur,Django,Django Fakebook 2008
22,22,Blues for Ike,Django,Django Fakebook 2008
23,23,Blue skies,Irving Berlin,Django Fakebook 2008
24,24,Body and soul,Heyman Sour Eyton & Green,Django Fakebook 2008
25,25,Bossa Dorado,Dorado Schmitt,Django Fakebook 2008
26,26,Boum!,Charles Trenet,Django Fakebook 2008
27,27,Brazil,Ary Barosso,Django Fakebook 2008
28,29,Brise Napolitaine,Guerino & Peyronnin,Django Fakebook 2008
30,30,Cantina band,John Williams,Django Fakebook 2008
31,31,Caravan,Juan Tizol,Django Fakebook 2008
32,32,Cavalerie,Django,Django Fakebook 2008
33,33,C'est si bon,Betti & Hornez,Django Fakebook 2008
34,34,Charleston,Johnson & Django,Django Fakebook 2008
35,36,Chez Jacquet,Django,Django Fakebook 2008
37,37,Chicago,Fred Fisher,Django Fakebook 2008
38,38,China boy,Phil Boutelje,Django Fakebook 2008
39,39,"Chinatown, my Chinatown",Jerome & Schwartz,Django Fakebook 2008
40,40,Clair de lune,Joseph Kosma,Django Fakebook 2008
41,41,Confessin',Neiberg Daugherty & Reynolds,Django Fakebook 2008
42,42,Continental,Conrad & Magidson,Django Fakebook 2008
43,43,Coquette,Green Kahn & Lombardo,Django Fakebook 2008
44,44,Crazy rhythm,Meyer Ceasar & Khan,Django Fakebook 2008
45,45,Crepuscule,Django,Django Fakebook 2008
46,46,Danse Norvegienne,Edward Grieg,Django Fakebook 2008
47,47,Danse nuptiale,Burnett & Norton,Django Fakebook 2008
48,48,Daphne,Django,Django Fakebook 2008
49,49,Dark eyes,Trad,Django Fakebook 2008
50,50,Destinee,Romane,Django Fakebook 2008
51,52,Desvairada,Garoto,Django Fakebook 2008
53,54,Dicty glide,Duke Ellington,Django Fakebook 2008
55,55,Diminishing,Django,Django Fakebook 2008
56,56,Dinah,Harry Akst,Django Fakebook 2008
57,57,Dinette,Django,Django Fakebook 2008
58,58,Ding-dong! the witch is dead,Harold Arlen,Django Fakebook 2008
59,59,Djangology,Django,Django Fakebook 2008
60,60,Django's tiger,Django,Django Fakebook 2008
61,61,Douce ambiance,Django,Django Fakebook 2008
62,62,Eel's nephew,Bud Freeman,Django Fakebook 2008
63,63,Embraceable you,Gershwin,Django Fakebook 2008
64,64,Exactly like you,McHugh,Django Fakebook 2008
65,65,Festival 48,Django,Django Fakebook 2008
66,66,Fleur d'Ennui,Django,Django Fakebook 2008
67,67,For Sephora,Stochelo Rosenberg,Django Fakebook 2008
68,68,Frolic,Luciano Michelini,Django Fakebook 2008
69,69,Good old days,Leroy Shield,Django Fakebook 2008
70,70,Gypsy dreams,Boulou Ferre,Django Fakebook 2008
71,71,Gypsy fire,Romane,Django Fakebook 2008
72,72,H.C.Q. strut,Django,Django Fakebook 2008
73,73,Honeysuckle rose (guitar),Fats Waller,Django Fakebook 2008
74,74,Honeysuckle rose (violin),Fats Waller,Django Fakebook 2008
75,75,Hungaria,Django,Django Fakebook 2008
76,76,I can't believe that you're in love with me,McHugh & Gaskill,Django Fakebook 2008
77,77,I can't give you anything but love,McHugh & Fields,Django Fakebook 2008
78,78,If I had you,Shapiro Connely & Campbell,Django Fakebook 2008
79,79,If I only had a brain,Harold Arlen,Django Fakebook 2008
80,80,I'll never be the same,Malneck & Kahn,Django Fakebook 2008
81,85,I'll see you in my dreams,Jones & Kahn,Django Fakebook 2008
86,86,I'm forever blowing bubbles,Kenbrovin & Kellette,Django Fakebook 2008
87,88,Indifference,Colombo & Murena,Django Fakebook 2008
89,89,Insensiblement,Paul Misraki,Django Fakebook 2008
90,90,I saw stars,Freddy Martin,Django Fakebook 2008
91,91,"I surrender, dear",Clifford & Harris,Django Fakebook 2008
92,92,It don't mean a thing if it ain't got that swing,Duke Ellington,Django Fakebook 2008
93,93,It had to be you,Isham Jones,Django Fakebook 2008
94,94,It's only a paper moon,Harold Arlen,Django Fakebook 2008
95,95,I've found a new baby,Palmer & Williams,Django Fakebook 2008
96,96,I've got my love to keep me warm,Irving Berlin,Django Fakebook 2008
97,98,I wanna be loved by you,Stothart & Ruby,Django Fakebook 2008
99,100,I wonder where my baby is tonight,Donaldson & Kahn,Django Fakebook 2008
101,102,I won't dance,Hammerstein & Kahn,Django Fakebook 2008
103,103,Japanese sandman,Whiting & Egan,Django Fakebook 2008
104,104,J'attendrai,Dino Oliveri,Django Fakebook 2008
105,105,Jeepers creepers,Mercer & Warren,Django Fakebook 2008
106,106,Jitterbug waltz,Fats Waller,Django Fakebook 2008
107,107,"Joseph, Joseph",Casman & Steinberg,Django Fakebook 2008
108,108,Just one for Babik,Patrick Saussois,Django Fakebook 2008
109,110,Just one of those things,Cole Porter,Django Fakebook 2008
111,111,Keepin' out of mischief now,Fats Waller,Django Fakebook 2008
112,113,La camarde,Romane,Django Fakebook 2008
114,114,"Lady, be good",Gershwin,Django Fakebook 2008
115,116,La folle,Pierre Ferret,Django Fakebook 2008
117,118,La foule,Rivgauche & Cabral,Django Fakebook 2008
119,119,La javanaise,Serge Gainsbourg,Django Fakebook 2008
120,120,La mer,Chauliac & Trenet,Django Fakebook 2008
121,121,La vie en rose,Edith Piaf,Django Fakebook 2008
122,123,Les feuilles mortes,Joseph Kosma,Django Fakebook 2008
124,124,Limehouse blues,Brahm & Furber,Django Fakebook 2008
125,125,Little white lies,Walter Donaldson,Django Fakebook 2008
126,126,Love me tender,Elvis Presley,Django Fakebook 2008
127,127,Lover man,Davis Ramirez & Sherman,Django Fakebook 2008
128,128,Lulu swing,Lulu Reinhardt,Django Fakebook 2008
129,129,Manah manah,Piero Umilani,Django Fakebook 2008
130,130,Man I love,Gershwin,Django Fakebook 2008
131,131,Manoir de mes reves,Django,Django Fakebook 2008
132,132,Ma premiere guitare,Sasha Distel,Django Fakebook 2008
133,133,Marie,Irving Berlin,Django Fakebook 2008
134,134,Melodie au Crepuscule,Django,Django Fakebook 2008
135,135,Menilmontant,Charles Trenet,Django Fakebook 2008
136,136,Micro,Django,Django Fakebook 2008
137,137,Midnight in Moscow,Sedoy & Matusovsky,Django Fakebook 2008
138,138,Milko,Titi Winterstein,Django Fakebook 2008
139,139,Mimosa,Schmitt & Winterstein,Django Fakebook 2008
140,140,Minor Swing,Django,Django Fakebook 2008
141,141,Mister Sandman,Pat Ballard,Django Fakebook 2008
142,142,Mon Dieu,Vaucaire & Dumont,Django Fakebook 2008
143,144,Montagne Ste-Genevieve,Django,Django Fakebook 2008
145,146,Muppet Show theme,Pottle & Henson,Django Fakebook 2008
147,147,My blue heaven,Donaldson,Django Fakebook 2008
148,148,My melancholy baby,Burnett & Norton,Django Fakebook 2008
149,150,Mysterieuse,Jo Privat,Django Fakebook 2008
151,151,Ne me quitte pas,Jacques Brel,Django Fakebook 2008
152,153,Night and day,Cole Porter,Django Fakebook 2008
154,154,Noto swing,Lulu Reinhardt,Django Fakebook 2008
155,155,Nuages,Django,Django Fakebook 2008
156,156,Nuits de Ste-Germain des Pres,Django,Django Fakebook 2008
157,157,Oriental shuffle,Django,Django Fakebook 2008
158,158,"Ou es-tu, mon amour?",Emil Stern,Django Fakebook 2008
159,159,Out of nowhere,Green & Heyman,Django Fakebook 2008
160,161,Padam...padam,Glanzberg & Content,Django Fakebook 2008
162,163,Panique,Pierre Ferret,Django Fakebook 2008
164,165,Passion,Tony Murena,Django Fakebook 2008
166,166,Peche a la mouche,Django,Django Fakebook 2008
167,168,Penguin,Raymond Scott,Django Fakebook 2008
169,169,Pennies from heaven,Johnson & Burke,Django Fakebook 2008
170,171,Petite fleur,Sidney Bechet,Django Fakebook 2008
172,172,Place de Brouckere,Django,Django Fakebook 2008
173,174,Powerhouse,Raymond Scott,Django Fakebook 2008
175,175,Quand refleuriront les lilas blancs,Franz Doelle,Django Fakebook 2008
176,177,Que reste-t-il de nos amours,Leo Chailiac,Django Fakebook 2008
178,178,Rose room,Williams & Hickman,Django Fakebook 2008
179,179,Rosetta,Earl Hines,Django Fakebook 2008
180,180,Russian lullaby,Irving Berlin,Django Fakebook 2008
181,181,R vingt-six,Django,Django Fakebook 2008
182,182,September song,Kurt Weill,Django Fakebook 2008
183,183,Seul ce soir,Durand Cassanova & Grosjean,Django Fakebook 2008
184,184,Sheik of Araby,Smith Wheeler & Snyder,Django Fakebook 2008
185,185,Shine,Mack Brown & Dabney,Django Fakebook 2008
186,187,"Sing, sing, sing",Louis Prima,Django Fakebook 2008
188,188,Si tu savais,Georges Ulmer,Django Fakebook 2008
189,189,Smile,Charles Chaplin,Django Fakebook 2008
190,190,Somebody loves me,Georges Gershwin,Django Fakebook 2008
191,191,Someone's rocking my dreamboat,Rene & Scott,Django Fakebook 2008
192,192,Somewhere over the rainbow,Harold Arlen,Django Fakebook 2008
193,193,Songe d'Automne,Archibald Joyce,Django Fakebook 2008
194,195,Sous le ciel de Paris,Hubert Giraud,Django Fakebook 2008
196,197,Spivy,Django,Django Fakebook 2008
198,198,Stompin' at Decca,Grappelli & Django,Django Fakebook 2008
199,199,Stranger in paradise,Wright & Forrest,Django Fakebook 2008
200,200,Stumbling,Zez Confrey,Django Fakebook 2008
201,201,Svetlana,Boulou Ferre,Django Fakebook 2008
202,202,Sweet Georgia Brown,Pinkard & Casey,Django Fakebook 2008
203,203,Sweet Sue,Victor Young,Django Fakebook 2008
204,204,Swing 39 (guitar),Django,Django Fakebook 2008
205,205,Swing 39 (violin),Django,Django Fakebook 2008
206,206,Swing 42,Django,Django Fakebook 2008
207,207,Swing 48,Django,Django Fakebook 2008
208,208,Swing de Paris,Django,Django Fakebook 2008
209,209,Swing Gitan,Angelo Debarre,Django Fakebook 2008
210,210,Swing guitars,Django,Django Fakebook 2008
211,212,Swing rhumba,Djalma Ferreira,Django Fakebook 2008
213,213,Swingtime in springtime,Django,Django Fakebook 2008
214,215,Swing valse,Viseur & Ferret,Django Fakebook 2008
216,216,Syracuse,Henri Salvador,Django Fakebook 2008
217,218,Tchavolo swing,Tchavolo Schmitt,Django Fakebook 2008
219,219,Tea for two,Youmans & Ceasar,Django Fakebook 2008
220,220,Tears,Django,Django Fakebook 2008
221,221,Them there eyes - QHCF Version,Pinkard Tauber & Tracy,Django Fakebook 2008
222,222,Them there eyes,Pinkard Tauber & Tracy,Django Fakebook 2008
223,223,Third Man theme,Anton Karas,Django Fakebook 2008
224,224,Three little words,Ruby & Kalmar,Django Fakebook 2008
225,226,Tico tico,Zequinha Abrieu,Django Fakebook 2008
227,227,Topsy,Eddie Durham,Django Fakebook 2008
228,228,Topsy Part 2,Eddie Durham,Django Fakebook 2008
229,229,Troublant bolero,Django,Django Fakebook 2008
230,230,Twilight in Turkey,Raymond Scott,Django Fakebook 2008
231,231,Two cigarettes in the dark,Pollack,Django Fakebook 2008
232,232,Two guitars,Trad,Django Fakebook 2008
233,233,Ultrafox,Grappelli & Django,Django Fakebook 2008
234,234,Undecided,Robin & Shavers,Django Fakebook 2008
235,235,Une historie simple,Babik Reinhardt,Django Fakebook 2008
236,236,Un homme et une femme,Baroun & Lai,Django Fakebook 2008
237,237,Vendredi 13,Django & Rostaing,Django Fakebook 2008
238,238,Viper's dream,Django,Django Fakebook 2008
239,239,Vous et moi,Bosmans,Django Fakebook 2008
240,240,Vous qui passez sans me voir,Misraki Hess & Trenet,Django Fakebook 2008
241,241,When day is done,Smith & Praeger,Django Fakebook 2008
242,242,Whispering,Coburn Rose & Schonberger,Django Fakebook 2008
