4,4,After you've gone,Creamer & Layton
5,5,Ain't misbehavin',Fats Waller
6,6,Alemberts,Henri Crolla
7,7,Alors?...voila!,Romane
8,8,Anniversary song,Ion Ivanovici
9,9,Anouman,Django
10,10,Appel indirect,Django
11,11,Are you in the mood,Django
12,12,Artillerie lourde,Django
13,13,Avalon,Vincent Rose
14,14,Babik,Django
15,15,Bei dir war immer so schon,Emil Stern
16,16,Bei mir bist du schon,Shalom Secunda
17,17,Belleville,Django
18,18,Belleville rendez-vous,Charest & Chomet
19,19,Black and white,Django
20,20,Blue drag,Joe Myrow
21,21,Blues en mineur,Django
22,22,Blues for Ike,Django
23,23,Blue skies,Irving Berlin
24,24,Body and soul,Heyman Sour Eyton & Green
25,25,Bossa Dorado,Dorado Schmitt
26,26,Boum!,Charles Trenet
27,27,Brazil,Ary Barosso
28,29,Brise Napolitaine,Guerino & Peyronnin
30,30,Cantina band,John Williams
31,31,Caravan,Juan Tizol
32,32,Cavalerie,Django
33,33,C'est si bon,Betti & Hornez
34,34,Charleston,Johnson & Django
35,36,Chez Jacquet,Django
37,37,Chicago,Fred Fisher
38,38,China boy,Phil Boutelje
39,39,"Chinatown, my Chinatown",Jerome & Schwartz
40,40,Clair de lune,Joseph Kosma
41,41,Confessin',Neiberg Daugherty & Reynolds
42,42,Continental,Conrad & Magidson
43,43,Coquette,Green Kahn & Lombardo
44,44,Crazy rhythm,Meyer Ceasar & Khan
45,45,Crepuscule,Django
46,46,Danse Norvegienne,Edward Grieg
47,47,Danse nuptiale,Burnett & Norton
48,48,Daphne,Django
49,49,Dark eyes,Trad
50,50,Destinee,Romane
51,52,Desvairada,Garoto
53,54,Dicty glide,Duke Ellington
55,55,Diminishing,Django
56,56,Dinah,Harry Akst
57,57,Dinette,Django
58,58,Ding-dong! the witch is dead,Harold Arlen
59,59,Djangology,Django
60,60,Django's tiger,Django
61,61,Douce ambiance,Django
62,62,Eel's nephew,Bud Freeman
63,63,Embraceable you,Gershwin
64,64,Exactly like you,McHugh
65,65,Festival 48,Django
66,66,Fleur d'Ennui,Django
67,67,For Sephora,Stochelo Rosenberg
68,68,Frolic,Luciano Michelini
69,69,Good old days,Leroy Shield
70,70,Gypsy dreams,Boulou Ferre
71,71,Gypsy fire,Romane
72,72,H.C.Q. strut,Django
73,73,Honeysuckle rose (guitar),Fats Waller
74,74,Honeysuckle rose (violin),Fats Waller
75,75,Hungaria,Django
76,76,I can't believe that you're in love with me,McHugh & Gaskill
77,77,I can't give you anything but love,McHugh & Fields
78,78,If I had you,Shapiro Connely & Campbell
79,79,If I only had a brain,Harold Arlen
80,80,I'll never be the same,Malneck & Kahn
81,85,I'll see you in my dreams,Jones & Kahn
86,86,I'm forever blowing bubbles,Kenbrovin & Kellette
87,88,Indifference,Colombo & Murena
89,89,Insensiblement,Paul Misraki
90,90,I saw stars,Freddy Martin
91,91,"I surrender, dear",Clifford & Harris
92,92,It don't mean a thing if it ain't got that swing,Duke Ellington
93,93,It had to be you,Isham Jones
94,94,It's only a paper moon,Harold Arlen
95,95,I've found a new baby,Palmer & Williams
96,96,I've got my love to keep me warm,Irving Berlin
97,98,I wanna be loved by you,Stothart & Ruby
99,100,I wonder where my baby is tonight,Donaldson & Kahn
101,102,I won't dance,Hammerstein & Kahn
103,103,Japanese sandman,Whiting & Egan
104,104,J'attendrai,Dino Oliveri
105,105,Jeepers creepers,Mercer & Warren
106,106,Jitterbug waltz,Fats Waller
107,107,"Joseph, Joseph",Casman & Steinberg
108,108,Just one for Babik,Patrick Saussois
109,110,Just one of those things,Cole Porter
111,111,Keepin' out of mischief now,Fats Waller
112,113,La camarde,Romane
114,114,"Lady, be good",Gershwin
115,116,La folle,Pierre Ferret
117,118,La foule,Rivgauche & Cabral
119,119,La javanaise,Serge Gainsbourg
120,120,La mer,Chauliac & Trenet
121,121,La vie en rose,Edith Piaf
122,123,Les feuilles mortes,Joseph Kosma
124,124,Limehouse blues,Brahm & Furber
125,125,Little white lies,Walter Donaldson
126,126,Love me tender,Elvis Presley
127,127,Lover man,Davis Ramirez & Sherman
128,128,Lulu swing,Lulu Reinhardt
129,129,Manah manah,Piero Umilani
130,130,Man I love,Gershwin
131,131,Manoir de mes reves,Django
132,132,Ma premiere guitare,Sasha Distel
133,133,Marie,Irving Berlin
134,134,Melodie au Crepuscule,Django
135,135,Menilmontant,Charles Trenet
136,136,Micro,Django
137,137,Midnight in Moscow,Sedoy & Matusovsky
138,138,Milko,Titi Winterstein
139,139,Mimosa,Schmitt & Winterstein
140,140,Minor Swing,Django
141,141,Mister Sandman,Pat Ballard
142,142,Mon Dieu,Vaucaire & Dumont
143,144,Montagne Ste-Genevieve,Django
145,146,Muppet Show theme,Pottle & Henson
147,147,My blue heaven,Donaldson
148,148,My melancholy baby,Burnett & Norton
149,150,Mysterieuse,Jo Privat
151,151,Ne me quitte pas,Jacques Brel
152,153,Night and day,Cole Porter
154,154,Noto swing,Lulu Reinhardt
155,155,Nuages,Django
156,156,Nuits de Ste-Germain des Pres,Django
157,157,Oriental shuffle,Django
158,158,"Ou es-tu, mon amour?",Emil Stern
159,159,Out of nowhere,Green & Heyman
160,161,Padam...padam,Glanzberg & Content
162,163,Panique,Pierre Ferret
164,165,Passion,Tony Murena
166,166,Peche a la mouche,Django
167,168,Penguin,Raymond Scott
169,169,Pennies from heaven,Johnson & Burke
170,171,Petite fleur,Sidney Bechet
172,172,Place de Brouckere,Django
173,174,Powerhouse,Raymond Scott
175,175,Quand refleuriront les lilas blancs,Franz Doelle
176,177,Que reste-t-il de nos amours,Leo Chailiac
178,178,Rose room,Williams & Hickman
179,179,Rosetta,Earl Hines
180,180,Russian lullaby,Irving Berlin
181,181,R vingt-six,Django
182,182,September song,Kurt Weill
183,183,Seul ce soir,Durand Cassanova & Grosjean
184,184,Sheik of Araby,Smith Wheeler & Snyder
185,185,Shine,Mack Brown & Dabney
186,187,"Sing, sing, sing",Louis Prima
188,188,Si tu savais,Georges Ulmer
189,189,Smile,Charles Chaplin
190,190,Somebody loves me,Georges Gershwin
191,191,Someone's rocking my dreamboat,Rene & Scott
192,192,Somewhere over the rainbow,Harold Arlen
193,193,Songe d'Automne,Archibald Joyce
194,195,Sous le ciel de Paris,Hubert Giraud
196,197,Spivy,Django
198,198,Stompin' at Decca,Grappelli & Django
199,199,Stranger in paradise,Wright & Forrest
200,200,Stumbling,Zez Confrey
201,201,Svetlana,Boulou Ferre
202,202,Sweet Georgia Brown,Pinkard & Casey
203,203,Sweet Sue,Victor Young
204,204,Swing 39 (guitar),Django
205,205,Swing 39 (violin),Django
206,206,Swing 42,Django
207,207,Swing 48,Django
208,208,Swing de Paris,Django
209,209,Swing Gitan,Angelo Debarre
210,210,Swing guitars,Django
211,212,Swing rhumba,Djalma Ferreira
213,213,Swingtime in springtime,Django
214,215,Swing valse,Viseur & Ferret
216,216,Syracuse,Henri Salvador
217,218,Tchavolo swing,Tchavolo Schmitt
219,219,Tea for two,Youmans & Ceasar
220,220,Tears,Django
221,221,Them there eyes - QHCF Version,Pinkard Tauber & Tracy
222,222,Them there eyes,Pinkard Tauber & Tracy
223,223,Third Man theme,Anton Karas
224,224,Three little words,Ruby & Kalmar
225,226,Tico tico,Zequinha Abrieu
227,227,Topsy,Eddie Durham
228,228,Topsy Part 2,Eddie Durham
229,229,Troublant bolero,Django
230,230,Twilight in Turkey,Raymond Scott
231,231,Two cigarettes in the dark,Pollack
232,232,Two guitars,Trad
233,233,Ultrafox,Grappelli & Django
234,234,Undecided,Robin & Shavers
235,235,Une historie simple,Babik Reinhardt
236,236,Un homme et une femme,Baroun & Lai
237,237,Vendredi 13,Django & Rostaing
238,238,Viper's dream,Django
239,239,Vous et moi,Bosmans
240,240,Vous qui passez sans me voir,Misraki Hess & Trenet
241,241,When day is done,Smith & Praeger
242,242,Whispering,Coburn Rose & Schonberger
